ID,Name,Rating,Reviews,Description,Location
1,Tempe Marketplace,4.3,153,"With 1.3 million square feet of retail space to explore and over 100 shops and restaurants to choose from, Tempe Marketplace is the ultimate destination for Valley natives and out of town visitors…","Tempe, Arizona"
2,Mill Avenue District,4.3,766,"This is a shopping, dining, nightlife area. It's similar to 5th Ave and Old Town in Scottsdale, which are listed on tripadvisor.","Tempe, Arizona"
3,SEA LIFE Arizona Aquarium,4.1,650,"Dive in to SEA LIFE Arizona! Be wowed by the many strange, beautiful and fascinating creatures of the deep as you journey through an amazing underwater world. Prepare for astonishingly close views…","Tempe, Arizona"
4,Arizona Mills,3.9,402,"Welcome to Arizona Mills, the state’s largest indoor, climate controlled outlet, value and entertainment destination! With over 185 stores to choose from including H & M, NIKE Clearance Store, Forever…","Tempe, Arizona"
5,Tempe Town Lake,4.2,321,"Enjoy leisurely strolls, bicycling, kayaking, standup paddleboard and more. There are more than 50 special events annually at Tempe Town Lake, from Ironman Arizona to great concerts, Way Out West …","Tempe, Arizona"
6,Legoland Discovery Center,4,324,"LEGOLAND(R) Discovery Center Arizona is a 40,000 square-foot indoor attraction featuring more than one million LEGO(R) bricks, LEGO(R) themed rides, a 4-D cinema and themed build-and-play areas providing…","Tempe, Arizona"
7,Tempe History Museum,4.5,36,"The Tempe History Museum explores Tempe's history by telling the stories of people who have lived here from our Native American ancestors to present day. The exhibits, and programs are designed to…","Tempe, Arizona"
8,Mountain America Stadium,3.9,130,Football stadium where the Arizona State Sun Devils and the NFL's Arizona Cardinals play their home games.,"Tempe, Arizona"
9,AZ Heritage Center at Papago Park,4.4,52,"Home of the Centennial Museum, celebrating more than 100 years of Arizona history. Exhibits focus on the history and growth of Central Arizona, particularly the metropolitan Phoenix area. Walk through…","Tempe, Arizona"
10,Kiwanis Recreation Center,4.9,7,"The Kiwanis Recreation Center is a beautiful 54,000 square foot complex. Facility amenities include an indoor wave pool, fitness center, gymnasium, corporate ramada area, classrooms and a 15-court…","Tempe, Arizona"
11,Desert Arboretum Park,4.1,14,This large arboretum contains more than 300 species of plants from various regions of the desert.,"Tempe, Arizona"
12,Tempe Tourism Office,4.1,8,Offers information on baseball spring training schedules and accommodations in the area.,"Tempe, Arizona"
13,Pixypros Selfie Museum,3,1,"Pixypros is the 1st Selfie Museum in AZ! Featured on both CBNC, Fox news, and has gone viral on Tiktok and IG. It's an interactive museum for those who loves taking beautiful pictures with gorgeous…","Tempe, Arizona"
14,Simply Smashing Rage Release Room,4.3,20,"Simply Smashing “a Rage Release Room” is a unique combination of stress reduction and recreational destruction activity for anyone ages 8+. Most places, you break it, you buy it. Here you buy it then…","Tempe, Arizona"
15,Four Peaks Brewing Company,4.4,262,"The original Four Peaks in Tempe is the Mother Ship to all things Four Peaks! Daily Specials, Single Tank Series, and seasonals make each visit unique! Join us for a brewery tour and experience the…","Tempe, Arizona"
16,The Zone Escape Rooms,4.9,315,"The Zone Escape Rooms is the most immersive escape game experience in the state. Voted ""Best Escape Room"" in Arizona! Conveniently located in vibrant downtown Tempe, close to everything! The Zone …","Tempe, Arizona"
17,Great Room Escape & Class Axe Throwing,4.9,122,"Great Room Escape (formally known as Mindspark) is a fully interactive and immersive experience unlike anything else you can do in Tempe, Arizona. Up to 12 participants will be locked in a room, and…","Tempe, Arizona"
18,Escapology Tempe,5,29,"Escapology Tempe, located in Tempe Marketplace, is Tempe's premium real-life escape game experience! Up to 8 players will be challenged in this Escape Game by working together to find clues, solve…","Tempe, Arizona"
19,The Church Of Jesus Christ Of Latter-day Saints,2,1,"Church building. No matter your story, we welcome you to join us as we all try to be a little bit better, a little bit kinder, a little more helpful—because that’s what Jesus taught.","Tempe, Arizona"
20,Desert Botanical Garden,4.7,9265,Discover the tranquil vibrancy of desert plants nestled amid the red rocks of the Papago Buttes. Visitors can stroll through five thematic trails to explore the fascinating beauty of the Sonoran Desert…,"Phoenix, Arizona"
21,Musical Instrument Museum,4.9,6621,The World's Only Global Musical Instrument Museum. Home of the MIM Music Theater--a 300-seat acoustically superb performance space--as well as the award-winning Café Allegro (open 11 am - 2 pm daily…,"Phoenix, Arizona"
22,Hole in the Rock,4.4,1137,Enjoy breathtaking views from the top of this unusual rock formation in Phoenix’s Papago Park after an easy 10-minute hike from the parking lot. Drop by right before sunset for milder temperatures…,"Phoenix, Arizona"
23,Chase Field,4.5,2386,"The home of the state's Major League Baseball team, the Arizona Diamondbacks.","Phoenix, Arizona"
24,St. Mary's Basilica,4.5,277,"St. Mary’s Basilica, named The Church of the Immaculate Conception of the Blessed Virgin is the oldest Catholic parish in Phoenix and was the only Catholic parish in Phoenix until 1924. It holds a…","Phoenix, Arizona"
25,Phoenix Zoo,4.2,3118,"Outdoor adventures. Lifelong memories. That’s Zoo We Are! Since 1962, the Phoenix Zoo has inspired and motivated guests from across the world to care for the natural world. Nestled on 125 acres within…","Phoenix, Arizona"
26,South Mountain Park,4.6,1339,"This, the largest municipal park in the world, is a popular hiking, biking and horseback riding trail area.","Phoenix, Arizona"
27,Phoenix Art Museum,4.4,1105,Phoenix Art Museum has provided access to visual arts and educational programs in Arizona for more than 60 years and is the largest art museum in the Southwestern United States. In addition to an …,"Phoenix, Arizona"
28,Wrigley Mansion,4.3,570,Come on up the hill and see what we're about! Wrigley Mansion is a 1931 fine-dining and special event venue offering unbeatable 360-degree views and award-winning cuisine & wine list. Valet at the…,"Phoenix, Arizona"
29,Arizona Science Center,4.1,974,"Located in the heart of Downtown Phoenix, Arizona Science Center has been a hub for science and discovery for the community and visitors. Featuring more than 300 hands-on exhibits, live demonstrations…","Phoenix, Arizona"
30,Hall of Flame Museum of Firefighting,4.7,432,The world's largest firefighting museum chronicles the history of the profession and commemorates fallen firefighters.,"Phoenix, Arizona"
31,Rosson House Museum,4.6,239,The Rosson House Museum is a fully-restored 1895 Queen Anne Victorian house museum which interprets the history of Phoenix. Tours of the house include all living areas and offer visitors a glimpse…,"Phoenix, Arizona"
32,Brass Armadillo Antique Mall,4.4,137,"The Brass Armadillo Antique Mall in Phoenix is home to over 600 antique dealers, the largest number of antique dealers under one roof in the entire desert valley. As you explore our aisles full of…","Phoenix, Arizona"
33,Castles N' Coasters,3.8,429,"Whether you're young or old, big or small, you'll find lots of fun, food and excitement at Arizona's Finest Family Fun and Thrill Park.From the thrilling sky high roller coasters and exciting Sky …","Phoenix, Arizona"
34,Japanese Friendship Garden of Phoenix,4,424,We are a traditional Japanese stroll garden in the heart of Downtown Phoenix. We are 501(c)3 non profit organization in cooperation with the city of Phoenix and Phoenix Sister Cities Organization. …,"Phoenix, Arizona"
35,The Phoenix Theatre Company,4.8,166,"The largest producing regional theatre company in the Arizona, The Phoenix Theatre Company offers more programs and experiences than any other. With nearly 500 performances on multiple stages and …","Phoenix, Arizona"
36,Mystery Castle,4,404,"Built by a father to realize his daughter's dream, this three-story castle, completed in 1945, is made of stone, adobe, automobile parts and petroglyphs and is held together by a cement mixture including…","Phoenix, Arizona"
37,Footprint Center,4,464,This arena is the home of the Phoenix Suns.,"Phoenix, Arizona"
38,Phoenix Mountain Preserve,4.6,240,"Offers more than 23,000 acres crisscrossed with trails.","Phoenix, Arizona"
39,S'edav Va'aki Museum,4.2,297,"For thousands of years, the Ancestral Sonoran Desert People, known to archaeologists as the Hohokam, have lived in Phoenix and the surrounding areas. They have been intimately connected to the landscape…","Phoenix, Arizona"
40,The Farm at South Mountain,4.3,246,"The Farm at South Mountain in Phoenix offers a nearby escape from the city with canopies of pecan trees and an organic style garden. Rich in history, this agritourism destination invites you to explore…","Phoenix, Arizona"
41,Biltmore Fashion Park,3.8,80,"Known as the ""crown jewel"" because of its regal history and unmatched ambiance, Biltmore Fashion Park is an outdoor shopping experience in a park-like setting and serves as home to some of the finest…","Phoenix, Arizona"
42,Burton Barr Central Library,4.6,237,"A library for the space age, this five-story cube of steel and glass is clad in ribbed copper sheeting and sunshine.","Phoenix, Arizona"
43,K1 Speed Phoenix,4.4,75,"K1 Speed offers a fun, exciting thing to do in Phoenix, AZ that delivers an unforgettable experience for friends, families, and businesses. Each location features fast indoor electric go karts, a …","Phoenix, Arizona"
44,Downtown Phoenix Farmers Market,4.1,54,"Year-round outdoor farmers market with 90+ local businesses and growers in the heart of downtown Phoenix. Live tunes every Saturday with a vibrant and diverse scene. Find fresh, locally-produced food…","Phoenix, Arizona"
45,Outlets at Anthem,3.7,158,"A must see when heading north from the valley! Conveniently located off I-17, just 15 minutes north of the loop 101 and 35 minutes from Scottsdale or the Phoenix International airport. Outlets at …","Phoenix, Arizona"
46,Liberty Wildlife,4.9,30,"Liberty Wildlife is a non-profit rescue, rehabilitation, education and conservation organization located just south of Sky Harbor Airport. Tucked inside Phoenix city lines, we have an amazing backdrop…","Phoenix, Arizona"
47,Arizona Grand Golf Course,3.7,75,"Awarded the Four Star Award by Golf Digest, Arizona Grand Golf Course is one of the most challenging golf courses in the Phoenix area and blends desert target golf with traditional links.","Phoenix, Arizona"
48,Phoenix Arizona Temple,4.7,18,"*Please visit the temple website for open hours and appointments.* Temples of The Church of Jesus Christ of Latter-day Saints are considered houses of God, a place of holiness and peace separate from…","Phoenix, Arizona"
49,Enchanted Island,3.6,69,"Whether you like spinning, flying, dropping, bumping, driving, rocking, or rolling, the rides at Enchanted Island Amusement Park are sure to thrill and delight.If you’re in a leisurely mood, tour …","Phoenix, Arizona"
50,The Square Phx,3.9,104,"This tourist center contains shops, museums and restaurants, and also includes the only remaining group of residential structures from Phoenix's original settlement. If you're interested in holding…","Phoenix, Arizona"
51,Tovrea Castle At Carraro Heights,4,51,"Tovrea Castle at Carraro Heights is a “Jewel in the Desert” that has intrigued people in the Valley of the Sun for 90 years and is a Phoenix Point of Pride, an Arizona Centennial Legacy Project and…","Phoenix, Arizona"
52,Adobe Mountain Desert Railroad Park,4.6,18,"We are a multi-use train oriented park on 135 acres. We provide train rides on a fleet of 7 1/2"" gauge trains, an operating indoor & outdoor model train displays (G, HO & N scale) as well as a railroad…","Phoenix, Arizona"
53,Cutler Plotkin Jewish Heritage Center,4.9,16,"The Jewish experience in Arizona is a unique one. Many Jews arrived in Arizona in the 19th century and played vital roles in the development of Arizona's mining industry, agriculture, and commerce…","Phoenix, Arizona"
54,Raven Golf Club Phoenix,4.4,117,"Raven Golf Club Phoenix's spectacular championship golf course, array of world-class amenities and unparalleled guest service have earned it recognition among the nation's top daily fee golf properties…","Phoenix, Arizona"
55,Irish Cultural Center and McClelland Library,4.6,24,The Irish Cultural Center (ICC) provides a comprehensive and interactive cultural and learning experience linking the people of and visitors to Arizona with the people of Ireland and other Celtic …,"Phoenix, Arizona"
56,Arizona Tactical Adventures,5,158,Arizona Tactical Adventure tours are designed to put our guests into highly realistic and exciting military scenarios. These adventures can be attended by just about anyone regardless of experience…,"Phoenix, Arizona"
57,CityScape Phoenix,3.8,43,"CityScape is a mixed-use urban project located in Downtown Phoenix. Bordered on three sides by the city's new light rail transit system, the project's neighbors include the US Airways Center, Chase…","Phoenix, Arizona"
58,Wildfire Golf Club,4.2,136,"Designed by Arnold Palmer, Wildfire Golf Club offers an upscale golf course in Phoenix, Arizona, situated in the high Sonoran desert. The club delivers a target golf experience at JW Marriott Phoenix…","Phoenix, Arizona"
59,Shemer Art Center and Museum,4.6,9,"A Phoenix Point of Pride, this museum is a cultural locus, featuring local artisans and offering its own arts and crafts workshops.","Phoenix, Arizona"
60,Lookout Mountain Golf Club,4.2,123,Lookout Mountain Golf Club at Pointe Hilton Tapatio Cliffs Resort is a magnificent par-71 course has garnered many honors. Golf Digest named it one of the 450 best public courses in the country and…,"Phoenix, Arizona"
61,High Street,4.7,3,"Visitors and locals alike flock to High Street for its urban appeal in a clean, modern and stylish neighborhood. Easy access from major highways brings the swanky and suave from Scottsdale and the…","Phoenix, Arizona"
62,Valley Youth Theatre,4.5,8,"Valley Youth Theatre (VYT) is an award-winning, professional quality, theatre dedicated to helping young people achieve their full potential through meaningful engagement, education and excellence…","Phoenix, Arizona"
63,St. Joseph Maronite Catholic Church,5,2,"St. Joseph Maronite Catholic Church in Phoenix, AZ is the site of the largest shrine in North America dedicated to St. Sharbel. St. Sharbel Maklouf, was a Lebanese hermit and monk, canonized on Oct…","Phoenix, Arizona"
64,Buddy Stubbs Harley-Davidson,4.7,65,"The Southwest's Premier Motorcycle Museum with 3000+ sq. ft. of classic two-wheeled history is located at Buddy Stubbs Harley-Davidson®. With 37 different motorcycle manufacturers, this museum is …","Phoenix, Arizona"
65,The Van Buren,3.3,29,"The Van Buren is a state-of-the-art concert venue in downtown Phoenix presenting acts of all genres including indie rock, hip-hop, country, metal, reggae, EDM and more.","Phoenix, Arizona"
66,Phoenix Premium Outlets,4.1,232,"Phoenix Premium Outlets serves as the top-of-mind shopping destination for locals and visitors alike looking for exclusive and sought-after outlet fashion in a casual, family-friendly atmosphere. …","Chandler, Arizona"
67,Chandler Nature Center,4.9,12,"The Environmental Education Center serves as a gateway to Veterans Oasis Park, offering a diverse roster of programming related to the environment. The park also includes 4 1/2 miles of trails, wildlife…","Chandler, Arizona"
68,Rawhide Western Town & Event Center,3.7,609,"The whole family will enjoy this recreated 1880s Old West town that includes a haunted hotel, trampoline bunjee jumping, a mechanical bull plus staged gun fight shows.","Chandler, Arizona"
69,Chandler Museum,4.5,25,"The Chandler Museum is a cultural destination unlike any other with engaging, community-focused programs and forums, as well as world-class traveling exhibits. Tuesday - Saturday 10 am - 5 pm Sunday…","Chandler, Arizona"
70,Makutu's Island,3.6,93,"Makutu’s [Ma-coo-two’s] [means magic] Island was called Club Disney - is an evergreen lush, exciting indoor “island” with towering trees, climbs, mysterious caves, a ""bungee jump"", a zip track, an…","Chandler, Arizona"
71,Ocotillo Golf Club,4.1,180,"Discover our desert oasis at Ocotillo Golf Club, a premier golf destination in the Valley of The Sun. Located in Chandler, Arizona, Ocotillo Golf Club is just minutes from Phoenix Sky Harbor International…","Chandler, Arizona"
72,Huhugam Heritage Center,3.6,17,"This modern cultural center highlights the ancestral, historic and current cultures of the Gila River Indian Community, made up of two tribes – the Akimel O’otham and the Pee Posh . Our mission is…","Chandler, Arizona"
73,San Marcos Golf Course,3.9,48,"The San Marcos Golf Course boasts a recent multi-million dollar renovation and now includes a brand new state-of-the-art irrigation system that produces year-round premium playing condition, expanded…","Chandler, Arizona"
74,Whirlwind Golf Club,4.2,96,"Whirlwind Golf Club is truly a unique southwest golf experience. The courses, clubhouse, and practice facilities are sensitively designed to preserve the rich cultural heritage of the Gila River Indian…","Chandler, Arizona"
75,Aji Spa,4.5,196,"In the heart of the Sonoran Desert is Aji Spa, a Forbes Five-Star therapeutic oasis designed with the physical and spiritual needs of its guests in mind. Bringing together contemporary spa treatments…","Chandler, Arizona"
76,Arizona Pumpkin Patch,5,1,"Autumn in Arizona is a special time. With temperatures dropping after a long, hot summer,it’s time for some wholesome fall fun, picking out the perfect pumpkin. Jack-o-Lanterns and pumpkin pie, oh…","Chandler, Arizona"
77,Game Show Battle Rooms - Phoenix,4.2,5,"You're in the Game Show! Game Show Battle Rooms is one of the nation's first immersive game show experiences for everyone to enjoy. Face-off against your friends, family, or coworkers in our game …","Chandler, Arizona"
78,Highland Yard Vintage,5,54,Highland Yard Vintage is a magical monthly Home Design and Decor Market held four days each month in a large (air conditioned) warehouse located behind Merchant Square Antique Mall. Visitors come …,"Chandler, Arizona"
79,Ironwood Country Club,3.7,19,"Stretching 5,442 yards, this 18-hole Bent Grass course was designed by Keith Foster in 1993.","Chandler, Arizona"
80,Merchant Square,4.8,156,"Merchant Square is the greatest antique mall in Arizona. Plan on spending a few hours as you peruse the aisles of history, eclectic decor, vintage wares, and antiques. When you need a break, enjoy…","Chandler, Arizona"
81,Gravity Extreme Zone,4.1,14,"Gravity! is a one-of-a-kind Trampoline & an Adventure park which caters to kids, teenagers, college-students & Corporate. It's an ideal setting for kids birthday parties, Corporate events, Corporate…","Chandler, Arizona"
82,Cathedral Rock,4.8,6097,"Towering red rock formation, part of the Cathedral Rock Trail.","Sedona, Arizona"
83,Devil's Bridge Trail,4.7,3735,"This 1.8-mile hike will lead you to Sedona’s iconic sandstone arch, where you’ll get breathtaking views of the surrounding valley and rock formations. Get there early to beat the crowd or expect to…","Sedona, Arizona"
84,Chapel of the Holy Cross,4.6,10812,"This chapel, located among dramatic rock formations, offers spectacular views, especially at sunset.","Sedona, Arizona"
85,Slide Rock State Park,4.4,2453,"This state park in Oak Creek Canyon is one of Arizona’s most visited tourist attractions. Apart from the abundant plant and wildlife, Slide Rock State Park is also home to a 43-acre working apple …","Sedona, Arizona"
86,West Fork Oak Creek Trailhead,4.7,1298,"Trail that follows a creek at the bottom of a 1,000-foot canyon.","Sedona, Arizona"
87,Tlaquepaque Arts & Shopping Village,4.4,1803,"A Sedona landmark since the 1970's, Tlaquepaque treats visitors and local residents to an exceptional collection of galleries, shops and dining establishments. Named after the picturesque Guadalajara…","Sedona, Arizona"
88,Amitabha Stupa and Peace Park,4.7,811,"Sedona's Amitabha Stupa and Peace Park is a must-visit destination for spiritual seekers the world over. The Buddhist Amitabha Stupa is an outdoor venue for prayer, meditation, and spiritual renewal…","Sedona, Arizona"
89,Boynton Canyon Trail,4.6,1062,This popular hiking trail heads about three miles into a deep box canyon and includes ancient Sinaguan Indian ruins along the way.,"Sedona, Arizona"
90,Red Rock State Park,4.6,1625,Red Rock State Park is a 286 acre nature preserve and environmental education center with stunning scenery. Trails throughout the park wind through manzanita and juniper to reach the rich banks of…,"Sedona, Arizona"
91,Main Street,4,875,"Have a taste of the old west at Sedona's Main Street. Along this lively street, you'll find cool art galleries, restaurants, cowboy shops, and mystics selling crystals and offering tarot card readings…","Sedona, Arizona"
92,Oak Creek Vista Overlook,4.6,568,This overlook combines a scenic view with shopping opportunities for Native American arts and crafts.,"Sedona, Arizona"
93,Crescent Moon Picnic Site,4.5,458,"Crescent Moon sits beneath the towering Cathedral Rock, one of the most photographed scenes in the Southwest. This day use area group shelter (also known as Ramada) is as popular as it is beautiful…","Sedona, Arizona"
94,Little Horse Trail,4.6,342,"A scenic and easy riding trail that winds around Twins Buttes with the Praying Nuns, Madonna and the Chapel of the Holy Cross within easy view.","Sedona, Arizona"
95,Sedona Heritage Museum,4.4,216,"The Sedona Heritage Museum presents the history of the Sedona area, from post-Civil War days to the present. Located in Jordan Historical Park, the Museum is composed of 3 historic landmark buildings…","Sedona, Arizona"
96,Mescal Trail,4.8,29,Mescal Trail is a hiking trail in NW Sedona. The Mescal Trailhead is located on Long Canyon Road off Dry Creek Rd. The trailhead parking is on the east side of the road. Mescal connects east to Chuckwagon…,"Sedona, Arizona"
97,Renee Taylor Gallery,4.7,202,"Contemporary art and jewelry gallery featuring artists Peter Skidd, Childers-West, Rick Stewart, Loet Vanderveen, Lyman Whitaker, Elli & John Milan, Nancy Ngo and many others. Jewelry lines include…","Sedona, Arizona"
98,Sedona Arts Center,4.6,175,"GALLERY SHOP: Discover the Gallery Shop at Sedona Arts Center, representing over 100 local and regional artists—emerging talents and seasoned professionals alike. With ongoing special exhibitions, …","Sedona, Arizona"
99,Seven Canyons,4.2,150,"Magnificently sited on 200-pristine acres, Seven Canyons private golf club is your premier destination for Sedona golf. Surrounded by miles of National Forest lands, Seven Canyons is in perfect harmony…","Sedona, Arizona"
100,Hillside Sedona,4.6,66,"Experience Hillside Sedona For all those moments. Welcome to Hillside Sedona – where the magic happens for locals and visitors! Hillside is the perfect blend of shopping, dining, and art. Picture …","Sedona, Arizona"
101,Sedona Chamber of Commerce,4.5,299,Offers information on popular area attractions.,"Sedona, Arizona"
102,Gateway Cottage Wellness Center,4.9,129,"Gateway Cottage Wellness Center is a top-rated spa in Sedona, offering professional massage in Sedona AZ, intuitive psychic reading in Sedona, energy-based reiki healing, and sessions with a gifted…","Sedona, Arizona"
103,Huckaby Trail,4.5,128,An intermediate-level hiking and biking trail stretches 2.6 miles from Schenebly Hill Road down to Oak Creek.,"Sedona, Arizona"
104,Garland's Jewelry,4.8,49,"Garland's Jewelry is family owned and operated in Sedona, Arizona. Opened in 1985 in Oak Creek Canyon, this jewelry store has gained worldwide recognition as a premier destination for authentic, handmade…","Sedona, Arizona"
105,Sedona's New Day Spa,4.8,884,"Enjoy our elegant decor, our highly trained and licensed international staff and the most luxurious and health-restoring treatments and spa products in our Sedona spa. We use refined flower oils and…","Sedona, Arizona"
106,Vortex Yoga Hiking In Sedona,5,602,"Vortex Yoga Hiking In Sedona offers a unique variety of fun and compelling options which can be integrated into the yoga, hiking and magical moments experienced upon the majestic red rocks and vortex…","Sedona, Arizona"
107,A Spa for You Sedona Day Spas,5,468,"Sedona's Award-winning, Premiere Boutique Day Spa offers All-inclusive, individually created massages, signature spa treatments & Japanese facial massage sessions for singles, couples and groups to…","Sedona, Arizona"
108,Greg Lawson Galleries - Passion for Place,4.9,30,"Experience the vision of naturalist/photographer Greg Lawson whose 50 years behind the lens has yielded award-winning images from across the globe. Lawson's work depicting wildlife, landscapes and…","Sedona, Arizona"
109,The Global Center for Christ Consciousness,5,11,"Unity of Sedona is a New Age spiritual center, New Thought church, and energy vortex located in Sedona, one of the world’s greatest centers of spirituality. Unity of Sedona is a Spiritual Center and…","Sedona, Arizona"
110,Oak Creek Brewery,4,218,"The Kraus family came to Sedona in 1993 with all their worldly goods and a dream, to brew great fresh beer the way Fred learned at the Gasthausbrauerei Hufeisen, or Horseshoe Brewery, in the picturesque…","Sedona, Arizona"
111,Munds Wagon Trail,4.5,46,This region preserves many unique red geological formations.,"Sedona, Arizona"
112,Sedona Community Farmers Market,4.2,13,Local and Regional Producer's Market with Live Music,"Sedona, Arizona"
113,Honshin Fine Art,4.8,30,"Two galleries, nine artists, and artwork for your sacred space – all located in scenic Tlaquepaque Arts Village. As an internationally recognized artist who has been painting for over 50 years, Nicholas…","Sedona, Arizona"
114,Lost Canyon Trail,3.8,8,Favorite hiking trail through Arizona's scenic Red Rock country that is said to lead to a magical Indian cave.,"Sedona, Arizona"
115,The Melting Point,5,289,"Featuring some of the finest glass artists from around the world, The Melting Point is Sedona’s premier glass gallery and studio space. We specialize in creating an immersive experience that connects…","Sedona, Arizona"
116,Namti Spa,4.6,606,"NAMTI Day Spa is a locally owned and operated Sedona spa since July 2000, offering high-quality Massage Therapy, Medi-Spa Natural Skin Rejuvenation Facials, European Facials, Acupuncture & Ayurveda…","Sedona, Arizona"
117,Uptown Massage,4.9,249,"At Uptown Massage we treat individuals, couples and groups to many therapeutic sessions including: customized massage, steamed body wraps, face and foot treatments (with fresh herbs from our garden…","Sedona, Arizona"
118,Vita Pura Yoga & Hiking Retreats,5,167,"Vita Pura Yoga offers a one-of-a-kind, uniquely Sedona experience with multi-day Yoga Hiking Retreats, 3hr Yoga Hiking Tours, and incredible Private Yoga Classes - all set amidst the stunning beauty…","Sedona, Arizona"
119,Goodyear Ballpark,4.4,447,Goodyear Ballpark is the spring training and player development home of the Cleveland Guardians and Cincinnati Reds.,"Goodyear, Arizona"
120,Brass Armadillo Antique Mall - Phoenix West,4.5,65,"Nostalgia: A sentimental longing for the past, typically for a period or place with happy personal associations. That's exactly what you'll experience as you stroll down every aisle at the Brass Armadillo…","Goodyear, Arizona"
121,Golf Club of Estrella,4.2,69,"Golf Club of Estrella, a Nicklaus Design golf course and Troon managed facility, offers a truly incredible golfing experience for golfers of all abilities. Located just 30 minutes west of downtown…","Goodyear, Arizona"
122,Palm Valley Golf Club,3.8,67,"The Palm Valley Golf Club is a 27 hole championship layout designed by Arthur Hills and includes a full practice facility with a double-sided range, short game area, and large putting greens. It is…","Goodyear, Arizona"
123,Estrella Mountain Golf Course,3.5,24,"Tres Rios Golf Course at Estrella Mountain Park is a Red Lawrence designed, 18 hole public golf facility managed by Touchstone Golf Inc. One of Maricopa County Parks and Recreations oldest and classic…","Goodyear, Arizona"
124,Elevate Trampoline Park,3.3,3,"Elevate Trampoline Park is a 23,000-square-foot indoor activity center in Goodyear Arizona. From dodge ball to foam pits, there are activities for all ages.","Goodyear, Arizona"
125,Tonto Natural Bridge State Park,4.6,947,Tonto Natural Bridge State Park is located in central Arizona near Payson. It is believed to be the largest natural travertine bridge in the world. The bridge stands 183 feet high over a 400-foot …,"Payson, Arizona"
126,Mogollon Rim,4.8,274,"This 2,000-foot-high escarpment stretches 200 miles across central Arizona into New Mexico.While sightseeing is the favored pastime along the Rim, it also boasts a historic system of hiking and horseback…","Payson, Arizona"
127,Rim Country Museum,4.6,108,"Located in Green Valley Park, this museum features exhibits that reflect the natural and cultural history of the greater Payson area called the ""Rim Country.""","Payson, Arizona"
128,Payson Visitor Center And Rim Country Regional Chamber Of Commerce,4.9,11,We welcome you to stop by the Visitor Center and learn more about Payson and the Rim Country! Our Rim Country Chamber of Commerce and Economic Development are also located in this building.,"Payson, Arizona"
129,East Verde Picnic Area,4,1,"Seeking refuge from the summer heat, visitors flock to the forest's rivers and lakes, as well as to the calm streams and the cool shade of tall pines in the Mogollon Rim. Many opportunities for horseback…","Payson, Arizona"
130,Kohl's Ranch Stables,4.2,63,"Horseback Rides in the Forest, Trail Rides, Adventure Rides. Horseback Riding Lessons every day on site. Rides are about one hour and twenty minutes. Riders are taken up the mountain on a beautiful…","Payson, Arizona"
131,Sweet Country Charm Fudge & Gifts,4.3,4,"Greetings from all of us at Sweet Country Charm Fudge & Gifts. We are a locally owned and operated Fudge, Coffee, and Gift shop in Payson, Arizona. You're invited to shop our store for Homemade Fudge…","Payson, Arizona"
132,Rim Country Recreation Water Rentals,5,42,"KAYAK,STAND UP PADDLEBOARD AND CANOE RENTALS! Come and kayak, canoe or SUP on a beautiful mountain lake in Northern Arizona  (many to choose from) only just over an hour out of Phoenix, Chandler, …","Payson, Arizona"
133,Creekside Jeep Tours AZ - Jeep & Off Road Truck Adventures,4.7,15,"Guided 4x4 jeep and adventure truck tours of Mogollon Rim country near Payson Arizona including 7000 foot high mountain forests, lakes, creeks, wildlife and local areas of interest. Located 95 minutes…","Payson, Arizona"
134,Arizona-Sonora Desert Museum,4.8,8962,"The renowned Arizona-Sonora Desert Museum is everything you could want in a Sonoran Desert adventure! Mostly outdoors and comprised of an AZA-accredited zoo, extensive botanical garden, two art galleries…","Tucson, Arizona"
135,Sabino Canyon Recreation Area,4.7,4915,"Located in the Catalina Mountains and part of the Coronado National Forest, this beautiful canyon offers outdoor recreation including hiking, swimming, biking and picnicking. For an overview of the…","Tucson, Arizona"
136,Pima Air and Space Museum,4.7,4959,"400+ aircraft, 80 acres, 6 indoor air-cooled hangars... just plane awesome! We’re one of the world's largest aircraft collections including 3 hangars of WWII planes, the SR-71, the world's smallest…","Tucson, Arizona"
137,Mission San Xavier del Bac,4.6,4436,"Built in the 1700s, this recently restored white adobe church, representing a wonderful example of Spanish colonial architecture, is beautiful inside and out, with colorful frescoes, sculptures and…","Tucson, Arizona"
138,Tohono Chul,4.6,1448,"Cultivate your appreciation for the Sonoran Desert’s natural beauty and the impression it makes on everyone who explores our “Desert Corner”. Here, the seasons inspire wondrous events both in nature…","Tucson, Arizona"
139,Catalina State Park,4.6,831,"Catalina State Park sits at the base of the majestic Santa Catalina Mountains. The park is a haven for desert plants and wildlife and nearly 5,000 saguaros. The 5,500 acres of foothills, canyons and…","Tucson, Arizona"
140,The Mini Time Machine Museum Of Miniatures,4.6,651,Step into a World of Miniature Marvels at The Mini Time Machine Museum of Miniatures! Experience the enchantment of a museum unlike any other! The Mini Time Machine Museum of Miniatures whisks visitors…,"Tucson, Arizona"
141,DeGrazia Gallery in the Sun Museum,4.7,611,"On the National Register of Historic Places, this legendary landmark of Southwestern art and architecture was designed and built by acclaimed Arizona artist Ted DeGrazia. The 10-acre foothills site…","Tucson, Arizona"
142,Reid Park Zoo,4.4,1073,"Reid Park Zoo is a hidden gem, nestled in the center of Tucson, and is the perfect place to enjoy time outside while discovering the wonders of wildlife.","Tucson, Arizona"
143,Cactus Forest Drive,4.7,233,Eight-mile scenic drive in Saguaro East.,"Tucson, Arizona"
144,Mark Sublette Medicine Man Gallery,4.9,80,"Mark Sublette Medicine Man Gallery specializes in Antique Native American Art, Old Pawn Jewelry, Navajo Rugs, Baskets, Early 2oth Century Paintings, Taos founders. The gallery houses the Maynard Dixon…","Tucson, Arizona"
145,Trail Dust Town,4.3,320,"Pinnacle Peak and Trail Dust Town are rich with their own history, and people come from all over the world to experience the old west at these centerpieces of Tucson. Don't miss a wild west stunt …","Tucson, Arizona"
146,Tucson Mountain Park West,4.7,413,"A 20,000-acre desert natural preserve that accommodates many outdoor activities.","Tucson, Arizona"
147,University of Arizona,4.6,595,"Whether we are orbiting an asteroid or determining how we feed 9 billion people, Arizona Wildcats are continually looking to explore, experiment and expand. The campus is home to a variety of attractions…","Tucson, Arizona"
148,Red Hills Visitor Center,4.6,582,The western section of Saguaro National Park.,"Tucson, Arizona"
149,Franklin Auto Museum,4.8,153,"For more than 40 years, the home of the late collector Tom Hubbard has been the center of Franklin Automobile history. Featuring more than 25 antique and classic Franklin automobiles, the museum is…","Tucson, Arizona"
150,Rincon Mountain Visitor Center,4.7,1165,The eastern section of Saguaro National Park.,"Tucson, Arizona"
151,Tucson Museum of Art and Historic Block,4.3,274,The Tucson Museum of Art was founded 1924. It is Southern Arizona's premier presenter of fine art and art education programs. The Museum features permanent and traveling exhibitions of Modern and …,"Tucson, Arizona"
152,Philabaum Glass Gallery,5,33,"Arizona's only all glass gallery features contemporary glass art from over 75 nationally recognized artists. Unique gifts, blown glass, sculpture, platters, one-of-a-kind pieces, artful jewelry and…","Tucson, Arizona"
153,Children's Museum Tucson,4.3,242,"The Children's Museum Tucson provides a fun, play-based, hands-on learning experience for children and their families. Exhibits include Sense of Place, Imagine It!, Bodyology, Investigation Station…","Tucson, Arizona"
154,Tucson Desert Art Museum,4.6,93,"The Museum educates its guests on the art and history of the Desert Southwest. Nowhere else will you see such a variety of contemporary and classic art, Native American textiles and southwestern artifacts…","Tucson, Arizona"
155,Fourth Avenue,3.9,314,An historic shopping area.,"Tucson, Arizona"
156,Ventana Canyon Hiking Trail,4.6,111,"Trailhead: In Tucson, starting at the intersection of Speedway and Wilmot, follow Wilmot North. Wilmot Road turns into Tanque Verde at Pima Road. Follow Tanque Verde to Sabino Canyon Road. Turn left…","Tucson, Arizona"
157,Arizona Theater Company,4.7,159,"Founded in 1966 in Tucson, AZ, and deemed the Official State Theatre by Governor Rose Mofford, ATC is celebrating its 55th season currently led by Kasser Family Artistic Director Matt August and Executive…","Tucson, Arizona"
158,Ignite Sign Art Museum,4.8,29,Ignite Sign Art Museum opened in October 2018 with the mission of preserving and restoring historically significant signs. More than twelve Arizona roadside signs have been rescued and saved from …,"Tucson, Arizona"
159,Gadsden-Pacific Division Tucson Toy Train Museum,5,31,"Indoor Museum Open Sunday Afternoons 1-4 PM Toy Train operating Layouts located in our 6,000 SF building, ""G"" to ""Z"" Scale. Fun for ALL AGES. Outdoor Exhibits Operate subject to weather & Staffing…","Tucson, Arizona"
160,Arizona History Museum,4.4,108,The Arizona History Museum's focus is southern Arizona history from Spanish colonial through territorial eras. Exhibit topics include mining and transportation. The Arizona's Treasures exhibit features…,"Tucson, Arizona"
161,Flandrau Science Center & Planetarium,4.1,95,"Located on the University of Arizona campus, Flandrau Science Center & Planetarium inspires visitors of all ages to explore the wonders of science. Take a journey through the solar system and beyond…","Tucson, Arizona"
162,Casino Del Sol,3.8,326,"Casino Del Sol, Southern Arizona's premier entertainment and gaming destination, offers nearly 1000 slot machines, live blackjack, poker and bingo. There are 6 restaurants and three bars, live entertainment…","Tucson, Arizona"
163,Arizona State Museum,4.3,191,"Arizona State Museum (ASM) is the oldest and largest anthropological research facility in the U.S. Southwest, with expansive collections that are exceptional resources for the teaching, study, and…","Tucson, Arizona"
164,390th Memorial Museum,4.8,33,The 390th Memorial Museum honors and memorializes those veterans who provided ground support and flew the B-17 in the 390th Bombardment Group of the Eighth Air Force in WWII. The Museum serves as …,"Tucson, Arizona"
165,University of Arizona Museum of Art,4.3,91,"Tucson’s premier art collection. Seven centuries of art - one museum. Home to the spectacular, 26 surviving panels of the Altarpiece of Ciudad Rodrigo, acknowledged by scholars as the finest 15th …","Tucson, Arizona"
166,Hohokam Road,4.5,22,Nine-mile scenic drive in Saguaro West.,"Tucson, Arizona"
167,The Rogue Theatre,4.9,48,"The Rogue Theatre recently announced its 21st Season: TARTUFFE by Molière (September 5–28, 2025); CLOUD 9 by Caryl Churchill (October 31–November 23, 2025); PETER AND THE STAR CATCHER by Dave Barry…","Tucson, Arizona"
168,Spencer's Observatory,4.5,28,"Spencer's Observatory is Tucson's new, privately-owned observatory offering personalized Star Tours of the Tucson sky under a custom-built retractable roof with patio. Situated near the southwestern…","Tucson, Arizona"
169,Borderlands Brewing Co.,4.3,51,Borderlands Brewing Company is located in a historic warehouse arts district located in a 100 year old produce warehouse in downtown Tucson. Check our Google listing for hours of operation,"Tucson, Arizona"
170,Tucson Auto Museum,5,8,"Southern Arizona's most diverse collection of award-winning classic cars and automobilia under one roof. There are over 80 cars on display from all over the world. We showcase the very old, the iconic…","Tucson, Arizona"
171,Mission Garden,4.4,16,"Mission Garden is a living agricultural museum of Sonoran Desert-adapted heritage fruit-trees, traditional local heirloom crops and edible native plants. We are a non-profit, volunteer-based educational…","Tucson, Arizona"
172,King Canyon Trail,4.4,26,Popular hiking trail in Saguaro West.,"Tucson, Arizona"
173,Ft Lowell Museum,4.3,52,Fort Lowell was a military supply post active from 1873 to 1891. The Museum interprets the purpose and history of the fort and the daily lives of soldiers and their families. It also presents the …,"Tucson, Arizona"
174,The Maynard Dixon And Native American Art Museum,4.8,10,"Maynard Dixon is considered to be the premier artist of the American West. His ability to capture the West and its inhabitants, in a non-judgmental and honest way, has left an indelible legacy. Located…","Tucson, Arizona"
175,Desert Diamond Casino Sahuarita,3.2,151,"At Desert Diamond Casino Sahuarita, you and your friends can let loose, get your game on and make the experience one to remember! Come play your choice of hundreds of slots or try our live blackjack…","Tucson, Arizona"
176,Funtasticks Family Fun Park,3.5,81,"Welcome to Funtasticks Family Fun Park- With tons of entertainment to choose from for your entire family, Funtasticks offers something for the kid in all of us. Including Tucson's Largest Indoor Laser…","Tucson, Arizona"
177,Center for Creative Photography,4.2,65,"The premier research collection of North American photographic fine art and archives, promoting inquiry, dialogue, and scholarship.","Tucson, Arizona"
178,Rillito Park Horse Racetrack,4.3,24,Historical landmark for quarter horse racing for 50 year.,"Tucson, Arizona"
179,Yume Japanese Gardens,4,33,"Yume Japanese Gardens is the living expression of an ancient Japanese heritage. Covering three-quarters of an acre in central Tucson, Arizona, it comprises six traditional visions of landscape. In…","Tucson, Arizona"
180,Barrio Brewing Co,4.4,46,Arizona's Oldest Brewery and 100% Employee-Owned! Join us and try any or all of our fresh microbrews. We have up to 12 on tap that all pair well with our amazing food menu. Happy Hour Monday-Friday…,"Tucson, Arizona"
181,Taliesin West,4.7,4245,"Experience the beauty of the Sonoran Desert through the eyes of Frank Lloyd Wright. Deeply connected to the land from which it was forged, Taliesin West is a celebration of the Arizona desert — a …","Scottsdale, Arizona"
182,Old Town Scottsdale,4.2,5666,"This quaint neighborhood in greater Phoenix is a shopping galore with a charming Old West feel. Old Town Scottsdale is the perfect spot for snatching gorgeous turquoise jewelry, but make sure you …","Scottsdale, Arizona"
183,McCormick-Stillman Railroad Park,4.7,1251,Climb aboard the miniature replica of a Colorado narrow gauge railroad to explore this park that features famous railroad cars and an antique carousel.,"Scottsdale, Arizona"
184,Butterfly Wonderland,4.4,1549,Butterfly Wonderland is the largest indoor butterfly conservatory in America and should certainly top your indoor family fun list of “Things to do in Arizona”. The magnificent glass conservatory provides…,"Scottsdale, Arizona"
185,Western Spirit: Scottsdale's Museum of the West,4.7,688,"Western Spirit: Scottsdale's Museum of the West celebrates the art, history and unique stories of the 19 states comprising the American West. The rotating exhibitions feature hundreds of Western artworks…","Scottsdale, Arizona"
186,OdySea Aquarium,4.1,1164,"OdySea Aquarium, located in Scottsdale, is the largest aquarium in the southwest, OdySea Aquarium takes guests on an entertaining and educational oceanic adventure like no other. Voted Best Family…","Scottsdale, Arizona"
187,Scottsdale Fashion Square,4.4,618,"Scottsdale Fashion Square is the Southwest's distinctive address for premier shopping, dining and entertainment. Scottsdale Fashion Square offers a compelling retail experience in the heart of the…","Scottsdale, Arizona"
188,Kierland Commons,4.5,246,"Kierland Commons is a unique, upscale Main Street outdoor lifestyle center that artfully blends retail shopping, dining and entertainment. The one-of-a-kind development incorporates over 70 high-end…","Scottsdale, Arizona"
189,Octane Raceway,4.7,447,"America's Best Kart Racing! Octane Raceway features a 1/3 mile indoor/outdoor track, 45+ mph karts, Velocity VR, Axe Throwing, Brickyard Bar & Grill, arcade, and event rooms. Corporate events and …","Scottsdale, Arizona"
190,Talking Stick Resort Casino,3.7,804,"You'll love playing your favorite games at Talking Stick Resort™ because we deliver the best casino resort experience in Scottsdale. With more than 50 table games, 800 slot machines and poker tournaments…","Scottsdale, Arizona"
191,Phoenix Herpetological Sanctuary,4.9,68,"The Phoenix Herpetological Sanctuary is a 501(c)(3) non-profit organization and is a statewide facility that includes a surrender facility, education program, summer camps and rescue and rehabilitation…","Scottsdale, Arizona"
192,Native Art Market,4.9,25,"Our small, personal Native Art Market contains 35 artists all of Native American descent. Native Art Market is a weekly weekend market held every weekend October through March. We are located at The…","Scottsdale, Arizona"
193,LDV Winery,4.7,50,"Tasting room & retail establishment for LDV Winery's estate-grown and produced Rhone varietal wines. Enjoy a wine tasting flight, wines by the glass or bottle to enjoy on one of two beautiful patios…","Scottsdale, Arizona"
194,Fifth Avenue,4.1,131,"Downtown area with specialty shops, art galleries, boutiques, crafts shops and restaurants.","Scottsdale, Arizona"
195,Celebration Of Fine Art,4.8,80,"Where art lovers and artists connect! Visit 100 artists studios under one big roof in the big white tent! Jan 18 - Mar 30, 2025. Open 10-6 daily.","Scottsdale, Arizona"
196,Arizona Boardwalk,3.7,14,"Scottsdale’s one-of-a-kind entertainment destination that features nine marquee attractions – OdySea Aquarium, Butterfly Wonderland, UFO Experience, Laser + Mirror Maze, Museum of Illusions, Cluville…","Scottsdale, Arizona"
197,Troon North Golf Club,4.5,452,Troon North Golf Club stands as a hallmark of the Scottsdale desert golf experience with two 18-hole courses stretching through the natural ravines and foothills in the shadows of Pinnacle Peak. Giant…,"Scottsdale, Arizona"
198,TPC Scottsdale - Stadium Course,4.3,256,"Woven into the Sonoran Desert with stunning panoramic views of the McDowell Mountains, TPC Scottsdale boasts 36 holes of inspiring golf and upscale amenities that let everyday golfers experience ""…","Scottsdale, Arizona"
199,Wonderspaces Arizona,3.9,86,Wonderspaces partners with artists from around the world to present extraordinary and accessible art for all audiences to enjoy with family and friends. Open year-round inside Scottsdale Fashion Square…,"Scottsdale, Arizona"
200,Old Adobe Mission,4.5,66,"Built in 1933, the Old Adobe Mission is the oldest Catholic Church in Scottsdale. This landmark Mission Church is visited by thousands each year.","Scottsdale, Arizona"
201,Stones Crystals Minerals Fossils Gems,5,33,"Come see our large collection of Crystals, Fossils, Gems, Minerals and Rocks. We have rare and unique specimens as well beautiful common Rocks & Crystals from all over the world. All items are expertly…","Scottsdale, Arizona"
202,Museum Of Illusions Scottsdale,3.9,17,Experience the impossible with an entry ticket to the Museum of Illusions Scottsdale. Immerse yourself in a world where your eyes will be in a constant battle with your brain. Located just North of…,"Scottsdale, Arizona"
203,Scottsdale Museum of Contemporary Art,3.6,175,"The Scottsdale Museum of Contemporary Art champions creativity, innovation and the vitality of the visual arts. We seek both to build and to educate audiences for modern and contemporary art, as well…","Scottsdale, Arizona"
204,Casino Arizona,3.1,288,"Casino Arizona is truly your home for the hottest gaming action around Phoenix and Scottsdale, AZ. We proudly offer more than 900 ticket-pay multi-denominational slot machines, including many high…","Scottsdale, Arizona"
205,Roadhouse Cinemas,4,75,"We would like to invite you to an unparalleled movie and dining experience. Open 365 days a year, RoadHouse Cinemas offers a fabulous restaurant menu created by an award-winning chef and restaurateur…","Scottsdale, Arizona"
206,Grayhawk Golf Club,4.3,213,"Open to everyone, Grayhawk Golf Club offers an unforgettable lineup of golf and lifestyle experiences","Scottsdale, Arizona"
207,Cave Creek Outfitters,4.9,787,"Cave Creek Outfitters is a riding stable offering rides into the Tonto National Forest and the Scottsdale Preserve. Also available Group activities such as Corporate Events, Teambuilding, Cowboy Cookouts…","Scottsdale, Arizona"
208,Scottsdale Historical Museum,4,62,"This old school house features exhibits on Scottsdale's history, including its founding father Winfield Scott.","Scottsdale, Arizona"
209,Arizona Fine Art EXPO,4.9,19,Renowned artists from across the globe make the beautiful Sonoran Desert in north Scottsdale home for ten weeks as they create original pieces of fine art in what has come to be known as one of Arizona…,"Scottsdale, Arizona"
210,iFLY Indoor Skydiving - Phoenix,4.8,304,"Ever dream of flying? Now you can at iFLY Indoor Skydiving in Phoenix. Experience the thrill of skydiving without having to jump from a perfectly good airplane - no falling, no parachutes, just you…","Scottsdale, Arizona"
211,The Phoenician Golf Course,4.3,125,"Showcasing the unique beauty of Arizona’s Sonoran Desert, the course plays to a par 71 and offers four sets of player-friendly tees, ranging from 4,594 yards from the forward tees to 6,518 yards from…","Scottsdale, Arizona"
212,Antique Trove,4.2,19,"We are the premier antique mall in Arizona. With over 23,000 square feet, 140 dealers, we feature jewelry, furniture, collectibles, antiques, midcentury modern, just to name a few! Come visit us for…","Scottsdale, Arizona"
213,Topgolf Scottsdale,4.4,364,Topgolf is the premier golf entertainment complex where the competition of sport meets your favorite local hangout. Challenge your friends and family to addictive point-scoring golf games that anyone…,"Scottsdale, Arizona"
214,Kierland Golf Club,4.3,198,This spacious 27-hole layout was created by designer Scott Miller and features more than 300 bunkers.,"Scottsdale, Arizona"
215,Su Vino Winery,3.9,124,"Located in the Scottsdale Airpark area of Scottsdale, Su Vino Winery offers a one of a kind experience. Come sip, sample and savor any of our award winning wines at Scottsdale's first winery. Private…","Scottsdale, Arizona"
216,Odysea Mirror Maze,3.4,47,"Enter the Mirror Maze, a challenging adventure for the body and mind. By surrounding your pathways with mirrors, you see infinite reflections, impossible corridors, and mind-bending light effects. …","Scottsdale, Arizona"
217,UFO Experience,3.5,10,"UFO Experience is an out-of-this-world, family-friendly exhibition based on the widespread interest in UFOs and alien lifeforms. Explore ancient unsolved mysteries, see alien artifacts, analyze modern…","Scottsdale, Arizona"
218,Talking Stick Golf Club,3.7,196,The Salt River Pima-Maricopa Indian Community has built two uniquely divergent courses; golfers looking for wide-open links will be as content as those looking for traditional tree-lined doglegs.,"Scottsdale, Arizona"
219,"American Fine Art, Inc.",3.8,33,"American Fine Art, Inc. specializes in the original works of 19-21st century masters including Picasso, Warhol, Miro, Wyeth, Matisse, Neiman, Rockwell, and many more. Our International Art Consultants…","Scottsdale, Arizona"
220,Gainey Ranch Golf Club,4.1,62,"Golf Club offering three nine-hole courses that are played in three eighteen-hole combinations: The Lakes, The Arroyo and The Dunes.","Scottsdale, Arizona"
221,Camelback Golf Club,3.8,112,"With 36 holes of championship golf, Camelback Golf Club in Scottsdale, Arizona offers one of the most spectacular golf experiences in the Southwest - just as you would expect at one of the country…","Scottsdale, Arizona"
222,The Short Course at Mountain Shadows,4.6,48,"The Short Course at Mountain Shadows, nestled in the foothills of Camelback Mountain, offers a scenic layout and a challenging round of golf for players at all skill levels. The course offers 18 holes…","Scottsdale, Arizona"
223,Escape the Room AZ,4.7,1094,"Escape the Room is a fun, interactive live event located in old-town Scottsdale. While it looks like any other ordinary room, it's actually a real life adventure game designed for small groups of …","Scottsdale, Arizona"
224,Aridus Wine Company,4,45,"A brand new tasting room in the heart of Old Town Scottsdale, Aridus Wine Company offers a beautiful space in which folks can experience the award-winning wines that we produce at our winery in Southeast…","Scottsdale, Arizona"
225,MacDonald's Ranch,4.7,348,"Your trip to the Valley of the Sun will be a memory you will never forget! Leave the city behind and enjoy the peaceful, scenic Sonoran Desert on one of our many horses. We are proud of our gentle…","Scottsdale, Arizona"
226,King Galleries,5,5,"King Galleries is one of the leading galleries of both contemporary and historic Native American pottery in the US. The gallery represents many of today's leading potters, while introducing the work…","Scottsdale, Arizona"
227,TPC Scottsdale - Champions Course,3.9,127,"Woven into the Sonoran Desert with stunning panoramic views of the McDowell Mountains, TPC Scottsdale boasts 36 holes of inspiring golf and upscale amenities that let everyday golfers experience ""…","Scottsdale, Arizona"
228,Creative Gateways Art Gallery Scottsdale,4.4,14,"Creative Gateways Art Gallery Scottsdale offers a unique fine art experience with eclectic art offerings from artists all over the world. We have an array of beautiful glass art, paintings, wall art…","Scottsdale, Arizona"
229,Huhugam Ki Museum,3.9,8,Native American museum located on the Salt River Reservation.,"Scottsdale, Arizona"
230,Peoria Sports Complex,4.6,350,"Peoria Sports Complex was the first Major League Baseball spring training and player development facility in the country shared by two teams. Built in 1994, the San Diego Padres and Seattle Mariners…","Peoria, Arizona"
231,Honey Hive Farms,5,46,"Raw Local Honey from Arizona? Honey Hive Farms is the place to visit. Come to our farm for our Try Before You Buy Honey Event. See you Saturday at 14611 North 83rd Ave, Peoria AZ 85381. Honey Hive…","Peoria, Arizona"
232,Paqua Park at Scorpion Bay Marina,3,2,You’ll run. You’ll jump. You’ll slide. You’ll bounce. You’ll fall . . . and get back up and do it all again! Paqua Park is a great way to beat the heat and have some fun. Located on Lake Pleasant …,"Peoria, Arizona"
233,Trilogy Golf Club at Vistancia,4.1,78,"Designed by Gary Panks, Trilogy Golf Club at Vistancia is one of Arizona's premier golfing destinations. With tees ranging from 5,573 yards to 7,259 yards, this 18-hole, par 72 championship golf course…","Peoria, Arizona"
234,Arizona Broadway Theatre,4.4,337,"ABT Performing Arts Association, Inc. is a 501(c)(3) nonprofit organization and Arizona’s one-of-a-kind, award-winning, state-of-the-art professional theatre showcasing locally and nationally acclaimed…","Peoria, Arizona"
235,Deer Valley Petroglyph Preserve,4.3,128,CLOSED FOR JUNE AND JULYREOPENING AUGUST 2025,"Glendale, Arizona"
